id,Label,Sentiment
7921,1,Positive
7922,1,Positive
7923,1,Positive
7924,1,Positive
7925,1,Positive
7926,0,Negative
7927,1,Positive
7928,0,Negative
7929,1,Positive
7930,0,Negative
7931,0,Negative
7932,0,Negative
7933,0,Negative
7934,0,Negative
7935,0,Negative
7936,0,Negative
7937,0,Negative
7938,1,Positive
7939,1,Positive
7940,0,Negative
7941,0,Negative
7942,0,Negative
7943,1,Positive
7944,0,Negative
7945,1,Positive
7946,0,Negative
7947,0,Negative
7948,0,Negative
7949,1,Positive
7950,0,Negative
7951,1,Positive
7952,0,Negative
7953,0,Negative
7954,0,Negative
7955,0,Negative
7956,1,Positive
7957,1,Positive
7958,0,Negative
7959,0,Negative
7960,0,Negative
7961,0,Negative
7962,0,Negative
7963,0,Negative
7964,1,Positive
7965,0,Negative
7966,0,Negative
7967,0,Negative
7968,0,Negative
7969,0,Negative
7970,1,Positive
7971,1,Positive
7972,0,Negative
7973,0,Negative
7974,0,Negative
7975,0,Negative
7976,0,Negative
7977,1,Positive
7978,1,Positive
7979,0,Negative
7980,1,Positive
7981,0,Negative
7982,0,Negative
7983,0,Negative
7984,0,Negative
7985,0,Negative
7986,0,Negative
7987,0,Negative
7988,1,Positive
7989,0,Negative
7990,1,Positive
7991,0,Negative
7992,0,Negative
7993,1,Positive
7994,0,Negative
7995,1,Positive
7996,0,Negative
7997,0,Negative
7998,0,Negative
7999,0,Negative
8000,1,Positive
8001,0,Negative
8002,0,Negative
8003,0,Negative
8004,1,Positive
8005,0,Negative
8006,1,Positive
8007,0,Negative
8008,0,Negative
8009,0,Negative
8010,0,Negative
8011,0,Negative
8012,1,Positive
8013,0,Negative
8014,0,Negative
8015,1,Positive
8016,1,Positive
8017,1,Positive
8018,0,Negative
8019,1,Positive
8020,1,Positive
8021,1,Positive
8022,0,Negative
8023,0,Negative
8024,1,Positive
8025,1,Positive
8026,1,Positive
8027,1,Positive
8028,0,Negative
8029,0,Negative
8030,0,Negative
8031,1,Positive
8032,0,Negative
8033,0,Negative
8034,0,Negative
8035,1,Positive
8036,0,Negative
8037,0,Negative
8038,0,Negative
8039,0,Negative
8040,1,Positive
8041,0,Negative
8042,1,Positive
8043,1,Positive
8044,0,Negative
8045,0,Negative
8046,0,Negative
8047,1,Positive
8048,1,Positive
8049,1,Positive
8050,1,Positive
8051,1,Positive
8052,1,Positive
8053,0,Negative
8054,0,Negative
8055,1,Positive
8056,0,Negative
8057,0,Negative
8058,0,Negative
8059,0,Negative
8060,0,Negative
8061,0,Negative
8062,0,Negative
8063,0,Negative
8064,1,Positive
8065,1,Positive
8066,1,Positive
8067,0,Negative
8068,1,Positive
8069,0,Negative
8070,0,Negative
8071,0,Negative
8072,0,Negative
8073,1,Positive
8074,0,Negative
8075,0,Negative
8076,0,Negative
8077,0,Negative
8078,0,Negative
8079,0,Negative
8080,1,Positive
8081,0,Negative
8082,1,Positive
8083,0,Negative
8084,0,Negative
8085,0,Negative
8086,0,Negative
8087,1,Positive
8088,0,Negative
8089,0,Negative
8090,1,Positive
8091,0,Negative
8092,0,Negative
8093,0,Negative
8094,0,Negative
8095,0,Negative
8096,0,Negative
8097,0,Negative
8098,1,Positive
8099,1,Positive
8100,0,Negative
8101,1,Positive
8102,0,Negative
8103,1,Positive
8104,0,Negative
8105,0,Negative
8106,0,Negative
8107,1,Positive
8108,0,Negative
8109,1,Positive
8110,0,Negative
8111,0,Negative
8112,1,Positive
8113,0,Negative
8114,0,Negative
8115,0,Negative
8116,0,Negative
8117,0,Negative
8118,0,Negative
8119,0,Negative
8120,0,Negative
8121,0,Negative
8122,0,Negative
8123,0,Negative
8124,0,Negative
8125,0,Negative
8126,1,Positive
8127,0,Negative
8128,0,Negative
8129,0,Negative
8130,0,Negative
8131,0,Negative
8132,1,Positive
8133,0,Negative
8134,0,Negative
8135,0,Negative
8136,0,Negative
8137,0,Negative
8138,1,Positive
8139,1,Positive
8140,1,Positive
8141,0,Negative
8142,0,Negative
8143,0,Negative
8144,0,Negative
8145,0,Negative
8146,1,Positive
8147,0,Negative
8148,0,Negative
8149,0,Negative
8150,0,Negative
8151,0,Negative
8152,0,Negative
8153,0,Negative
8154,0,Negative
8155,0,Negative
8156,0,Negative
8157,1,Positive
8158,0,Negative
8159,1,Positive
8160,1,Positive
8161,0,Negative
8162,0,Negative
8163,0,Negative
8164,1,Positive
8165,1,Positive
8166,0,Negative
8167,0,Negative
8168,1,Positive
8169,0,Negative
8170,1,Positive
8171,0,Negative
8172,0,Negative
8173,0,Negative
8174,0,Negative
8175,1,Positive
8176,0,Negative
8177,0,Negative
8178,0,Negative
8179,0,Negative
8180,0,Negative
8181,0,Negative
8182,0,Negative
8183,0,Negative
8184,0,Negative
8185,1,Positive
8186,0,Negative
8187,0,Negative
8188,0,Negative
8189,0,Negative
8190,1,Positive
8191,0,Negative
8192,0,Negative
8193,0,Negative
8194,1,Positive
8195,0,Negative
8196,1,Positive
8197,0,Negative
8198,1,Positive
8199,0,Negative
8200,1,Positive
8201,1,Positive
8202,0,Negative
8203,0,Negative
8204,0,Negative
8205,0,Negative
8206,0,Negative
8207,1,Positive
8208,0,Negative
8209,0,Negative
8210,0,Negative
8211,0,Negative
8212,0,Negative
8213,1,Positive
8214,0,Negative
8215,0,Negative
8216,0,Negative
8217,0,Negative
8218,0,Negative
8219,1,Positive
8220,0,Negative
8221,0,Negative
8222,0,Negative
8223,0,Negative
8224,1,Positive
8225,0,Negative
8226,1,Positive
8227,1,Positive
8228,0,Negative
8229,0,Negative
8230,0,Negative
8231,0,Negative
8232,1,Positive
8233,1,Positive
8234,0,Negative
8235,0,Negative
8236,1,Positive
8237,0,Negative
8238,0,Negative
8239,0,Negative
8240,0,Negative
8241,0,Negative
8242,0,Negative
8243,0,Negative
8244,0,Negative
8245,1,Positive
8246,1,Positive
8247,0,Negative
8248,1,Positive
8249,1,Positive
8250,0,Negative
8251,0,Negative
8252,1,Positive
8253,0,Negative
8254,0,Negative
8255,1,Positive
8256,0,Negative
8257,0,Negative
8258,0,Negative
8259,1,Positive
8260,0,Negative
8261,0,Negative
8262,0,Negative
8263,0,Negative
8264,1,Positive
8265,0,Negative
8266,1,Positive
8267,0,Negative
8268,0,Negative
8269,0,Negative
8270,1,Positive
8271,0,Negative
8272,0,Negative
8273,1,Positive
8274,0,Negative
8275,0,Negative
8276,0,Negative
8277,0,Negative
8278,0,Negative
8279,0,Negative
8280,0,Negative
8281,1,Positive
8282,0,Negative
8283,0,Negative
8284,0,Negative
8285,1,Positive
8286,0,Negative
8287,0,Negative
8288,1,Positive
8289,0,Negative
8290,0,Negative
8291,0,Negative
8292,1,Positive
8293,0,Negative
8294,1,Positive
8295,1,Positive
8296,0,Negative
8297,1,Positive
8298,1,Positive
8299,0,Negative
8300,0,Negative
8301,0,Negative
8302,0,Negative
8303,0,Negative
8304,1,Positive
8305,1,Positive
8306,1,Positive
8307,1,Positive
8308,0,Negative
8309,0,Negative
8310,0,Negative
8311,1,Positive
8312,0,Negative
8313,0,Negative
8314,0,Negative
8315,0,Negative
8316,0,Negative
8317,0,Negative
8318,0,Negative
8319,0,Negative
8320,1,Positive
8321,0,Negative
8322,0,Negative
8323,0,Negative
8324,1,Positive
8325,0,Negative
8326,1,Positive
8327,0,Negative
8328,0,Negative
8329,0,Negative
8330,0,Negative
8331,0,Negative
8332,0,Negative
8333,0,Negative
8334,0,Negative
8335,0,Negative
8336,1,Positive
8337,0,Negative
8338,0,Negative
8339,0,Negative
8340,1,Positive
8341,0,Negative
8342,0,Negative
8343,0,Negative
8344,0,Negative
8345,1,Positive
8346,0,Negative
8347,0,Negative
8348,0,Negative
8349,0,Negative
8350,0,Negative
8351,1,Positive
8352,0,Negative
8353,0,Negative
8354,0,Negative
8355,1,Positive
8356,1,Positive
8357,1,Positive
8358,0,Negative
8359,0,Negative
8360,0,Negative
8361,0,Negative
8362,0,Negative
8363,0,Negative
8364,0,Negative
8365,0,Negative
8366,0,Negative
8367,0,Negative
8368,0,Negative
8369,0,Negative
8370,1,Positive
8371,0,Negative
8372,0,Negative
8373,1,Positive
8374,0,Negative
8375,0,Negative
8376,0,Negative
8377,1,Positive
8378,0,Negative
8379,0,Negative
8380,0,Negative
8381,0,Negative
8382,0,Negative
8383,0,Negative
8384,0,Negative
8385,0,Negative
8386,1,Positive
8387,1,Positive
8388,0,Negative
8389,0,Negative
8390,0,Negative
8391,0,Negative
8392,0,Negative
8393,1,Positive
8394,0,Negative
8395,1,Positive
8396,0,Negative
8397,0,Negative
8398,1,Positive
8399,0,Negative
8400,0,Negative
8401,0,Negative
8402,0,Negative
8403,0,Negative
8404,1,Positive
8405,0,Negative
8406,0,Negative
8407,1,Positive
8408,0,Negative
8409,1,Positive
8410,1,Positive
8411,0,Negative
8412,1,Positive
8413,0,Negative
8414,0,Negative
8415,1,Positive
8416,0,Negative
8417,0,Negative
8418,0,Negative
8419,0,Negative
8420,0,Negative
8421,0,Negative
8422,0,Negative
8423,0,Negative
8424,1,Positive
8425,0,Negative
8426,0,Negative
8427,1,Positive
8428,0,Negative
8429,0,Negative
8430,1,Positive
8431,0,Negative
8432,0,Negative
8433,0,Negative
8434,0,Negative
8435,0,Negative
8436,1,Positive
8437,0,Negative
8438,1,Positive
8439,0,Negative
8440,0,Negative
8441,0,Negative
8442,1,Positive
8443,0,Negative
8444,1,Positive
8445,1,Positive
8446,0,Negative
8447,1,Positive
8448,1,Positive
8449,0,Negative
8450,0,Negative
8451,1,Positive
8452,1,Positive
8453,0,Negative
8454,0,Negative
8455,1,Positive
8456,0,Negative
8457,1,Positive
8458,1,Positive
8459,0,Negative
8460,1,Positive
8461,0,Negative
8462,0,Negative
8463,0,Negative
8464,1,Positive
8465,1,Positive
8466,0,Negative
8467,0,Negative
8468,0,Negative
8469,0,Negative
8470,1,Positive
8471,0,Negative
8472,1,Positive
8473,1,Positive
8474,0,Negative
8475,1,Positive
8476,0,Negative
8477,0,Negative
8478,1,Positive
8479,1,Positive
8480,0,Negative
8481,0,Negative
8482,0,Negative
8483,0,Negative
8484,0,Negative
8485,0,Negative
8486,0,Negative
8487,0,Negative
8488,0,Negative
8489,0,Negative
8490,1,Positive
8491,1,Positive
8492,0,Negative
8493,1,Positive
8494,0,Negative
8495,1,Positive
8496,0,Negative
8497,1,Positive
8498,0,Negative
8499,0,Negative
8500,0,Negative
8501,0,Negative
8502,1,Positive
8503,1,Positive
8504,1,Positive
8505,0,Negative
8506,0,Negative
8507,0,Negative
8508,0,Negative
8509,0,Negative
8510,1,Positive
8511,0,Negative
8512,0,Negative
8513,0,Negative
8514,0,Negative
8515,1,Positive
8516,1,Positive
8517,0,Negative
8518,0,Negative
8519,0,Negative
8520,0,Negative
8521,0,Negative
8522,0,Negative
8523,0,Negative
8524,0,Negative
8525,0,Negative
8526,1,Positive
8527,0,Negative
8528,0,Negative
8529,0,Negative
8530,1,Positive
8531,0,Negative
8532,0,Negative
8533,0,Negative
8534,0,Negative
8535,0,Negative
8536,0,Negative
8537,0,Negative
8538,0,Negative
8539,0,Negative
8540,0,Negative
8541,1,Positive
8542,0,Negative
8543,0,Negative
8544,0,Negative
8545,0,Negative
8546,0,Negative
8547,0,Negative
8548,0,Negative
8549,1,Positive
8550,0,Negative
8551,0,Negative
8552,0,Negative
8553,0,Negative
8554,1,Positive
8555,0,Negative
8556,1,Positive
8557,1,Positive
8558,0,Negative
8559,1,Positive
8560,0,Negative
8561,0,Negative
8562,0,Negative
8563,0,Negative
8564,1,Positive
8565,1,Positive
8566,1,Positive
8567,0,Negative
8568,1,Positive
8569,0,Negative
8570,1,Positive
8571,1,Positive
8572,0,Negative
8573,1,Positive
8574,0,Negative
8575,1,Positive
8576,0,Negative
8577,0,Negative
8578,1,Positive
8579,0,Negative
8580,1,Positive
8581,0,Negative
8582,0,Negative
8583,0,Negative
8584,1,Positive
8585,0,Negative
8586,0,Negative
8587,1,Positive
8588,0,Negative
8589,0,Negative
8590,0,Negative
8591,0,Negative
8592,0,Negative
8593,0,Negative
8594,0,Negative
8595,0,Negative
8596,0,Negative
8597,0,Negative
8598,0,Negative
8599,1,Positive
8600,1,Positive
8601,0,Negative
8602,0,Negative
8603,0,Negative
8604,1,Positive
8605,0,Negative
8606,0,Negative
8607,1,Positive
8608,0,Negative
8609,0,Negative
8610,0,Negative
8611,1,Positive
8612,1,Positive
8613,0,Negative
8614,1,Positive
8615,0,Negative
8616,0,Negative
8617,0,Negative
8618,1,Positive
8619,0,Negative
8620,0,Negative
8621,0,Negative
8622,0,Negative
8623,0,Negative
8624,0,Negative
8625,0,Negative
8626,1,Positive
8627,1,Positive
8628,1,Positive
8629,0,Negative
8630,0,Negative
8631,0,Negative
8632,0,Negative
8633,1,Positive
8634,1,Positive
8635,0,Negative
8636,0,Negative
8637,1,Positive
8638,0,Negative
8639,1,Positive
8640,1,Positive
8641,0,Negative
8642,0,Negative
8643,0,Negative
8644,0,Negative
8645,1,Positive
8646,0,Negative
8647,1,Positive
8648,0,Negative
8649,0,Negative
8650,0,Negative
8651,0,Negative
8652,1,Positive
8653,0,Negative
8654,1,Positive
8655,0,Negative
8656,0,Negative
8657,0,Negative
8658,0,Negative
8659,0,Negative
8660,0,Negative
8661,0,Negative
8662,0,Negative
8663,0,Negative
8664,0,Negative
8665,1,Positive
8666,0,Negative
8667,1,Positive
8668,0,Negative
8669,0,Negative
8670,0,Negative
8671,0,Negative
8672,1,Positive
8673,0,Negative
8674,0,Negative
8675,0,Negative
8676,0,Negative
8677,0,Negative
8678,0,Negative
8679,0,Negative
8680,0,Negative
8681,1,Positive
8682,0,Negative
8683,0,Negative
8684,0,Negative
8685,0,Negative
8686,0,Negative
8687,0,Negative
8688,0,Negative
8689,1,Positive
8690,0,Negative
8691,1,Positive
8692,0,Negative
8693,0,Negative
8694,1,Positive
8695,1,Positive
8696,0,Negative
8697,0,Negative
8698,0,Negative
8699,1,Positive
8700,0,Negative
8701,0,Negative
8702,0,Negative
8703,1,Positive
8704,1,Positive
8705,1,Positive
8706,0,Negative
8707,0,Negative
8708,0,Negative
8709,0,Negative
8710,1,Positive
8711,1,Positive
8712,1,Positive
8713,0,Negative
8714,0,Negative
8715,0,Negative
8716,1,Positive
8717,0,Negative
8718,0,Negative
8719,0,Negative
8720,0,Negative
8721,1,Positive
8722,1,Positive
8723,0,Negative
8724,0,Negative
8725,0,Negative
8726,1,Positive
8727,0,Negative
8728,0,Negative
8729,1,Positive
8730,1,Positive
8731,1,Positive
8732,0,Negative
8733,1,Positive
8734,0,Negative
8735,0,Negative
8736,1,Positive
8737,0,Negative
8738,1,Positive
8739,1,Positive
8740,1,Positive
8741,1,Positive
8742,1,Positive
8743,0,Negative
8744,0,Negative
8745,1,Positive
8746,0,Negative
8747,1,Positive
8748,0,Negative
8749,0,Negative
8750,1,Positive
8751,0,Negative
8752,0,Negative
8753,1,Positive
8754,1,Positive
8755,1,Positive
8756,0,Negative
8757,0,Negative
8758,0,Negative
8759,0,Negative
8760,0,Negative
8761,1,Positive
8762,0,Negative
8763,0,Negative
8764,1,Positive
8765,0,Negative
8766,0,Negative
8767,1,Positive
8768,1,Positive
8769,0,Negative
8770,0,Negative
8771,1,Positive
8772,1,Positive
8773,0,Negative
8774,1,Positive
8775,0,Negative
8776,0,Negative
8777,1,Positive
8778,0,Negative
8779,0,Negative
8780,0,Negative
8781,1,Positive
8782,1,Positive
8783,0,Negative
8784,1,Positive
8785,0,Negative
8786,0,Negative
8787,0,Negative
8788,0,Negative
8789,1,Positive
8790,1,Positive
8791,0,Negative
8792,0,Negative
8793,1,Positive
8794,0,Negative
8795,0,Negative
8796,0,Negative
8797,0,Negative
8798,0,Negative
8799,0,Negative
8800,0,Negative
8801,0,Negative
8802,0,Negative
8803,0,Negative
8804,1,Positive
8805,0,Negative
8806,0,Negative
8807,0,Negative
8808,0,Negative
8809,1,Positive
8810,1,Positive
8811,0,Negative
8812,1,Positive
8813,1,Positive
8814,0,Negative
8815,0,Negative
8816,1,Positive
8817,1,Positive
8818,0,Negative
8819,1,Positive
8820,1,Positive
8821,0,Negative
8822,0,Negative
8823,1,Positive
8824,1,Positive
8825,0,Negative
8826,1,Positive
8827,0,Negative
8828,1,Positive
8829,0,Negative
8830,1,Positive
8831,1,Positive
8832,0,Negative
8833,0,Negative
8834,0,Negative
8835,0,Negative
8836,0,Negative
8837,1,Positive
8838,1,Positive
8839,0,Negative
8840,0,Negative
8841,0,Negative
8842,0,Negative
8843,0,Negative
8844,0,Negative
8845,1,Positive
8846,0,Negative
8847,0,Negative
8848,1,Positive
8849,0,Negative
8850,0,Negative
8851,0,Negative
8852,0,Negative
8853,0,Negative
8854,0,Negative
8855,0,Negative
8856,0,Negative
8857,0,Negative
8858,0,Negative
8859,0,Negative
8860,0,Negative
8861,1,Positive
8862,0,Negative
8863,0,Negative
8864,0,Negative
8865,0,Negative
8866,1,Positive
8867,0,Negative
8868,1,Positive
8869,1,Positive
8870,0,Negative
8871,0,Negative
8872,0,Negative
8873,1,Positive
8874,0,Negative
8875,0,Negative
8876,1,Positive
8877,0,Negative
8878,0,Negative
8879,1,Positive
8880,0,Negative
8881,0,Negative
8882,0,Negative
8883,0,Negative
8884,0,Negative
8885,1,Positive
8886,1,Positive
8887,1,Positive
8888,0,Negative
8889,1,Positive
8890,1,Positive
8891,0,Negative
8892,1,Positive
8893,0,Negative
8894,0,Negative
8895,0,Negative
8896,0,Negative
8897,1,Positive
8898,1,Positive
8899,0,Negative
8900,0,Negative
8901,0,Negative
8902,0,Negative
8903,1,Positive
8904,1,Positive
8905,0,Negative
8906,0,Negative
8907,0,Negative
8908,0,Negative
8909,0,Negative
8910,0,Negative
8911,0,Negative
8912,0,Negative
8913,0,Negative
8914,0,Negative
8915,1,Positive
8916,1,Positive
8917,1,Positive
8918,0,Negative
8919,0,Negative
8920,0,Negative
8921,0,Negative
8922,0,Negative
8923,0,Negative
8924,0,Negative
8925,1,Positive
8926,1,Positive
8927,1,Positive
8928,0,Negative
8929,0,Negative
8930,0,Negative
8931,0,Negative
8932,1,Positive
8933,1,Positive
8934,0,Negative
8935,0,Negative
8936,0,Negative
8937,0,Negative
8938,0,Negative
8939,1,Positive
8940,0,Negative
8941,0,Negative
8942,0,Negative
8943,0,Negative
8944,0,Negative
8945,0,Negative
8946,0,Negative
8947,1,Positive
8948,1,Positive
8949,0,Negative
8950,0,Negative
8951,0,Negative
8952,0,Negative
8953,1,Positive
8954,1,Positive
8955,0,Negative
8956,0,Negative
8957,0,Negative
8958,1,Positive
8959,1,Positive
8960,0,Negative
8961,0,Negative
8962,0,Negative
8963,0,Negative
8964,0,Negative
8965,0,Negative
8966,1,Positive
8967,0,Negative
8968,0,Negative
8969,1,Positive
8970,1,Positive
8971,0,Negative
8972,0,Negative
8973,0,Negative
8974,0,Negative
8975,0,Negative
8976,0,Negative
8977,0,Negative
8978,0,Negative
8979,1,Positive
8980,1,Positive
8981,0,Negative
8982,0,Negative
8983,1,Positive
8984,0,Negative
8985,0,Negative
8986,0,Negative
8987,0,Negative
8988,0,Negative
8989,0,Negative
8990,0,Negative
8991,0,Negative
8992,0,Negative
8993,0,Negative
8994,0,Negative
8995,0,Negative
8996,0,Negative
8997,0,Negative
8998,0,Negative
8999,0,Negative
9000,1,Positive
9001,0,Negative
9002,0,Negative
9003,0,Negative
9004,0,Negative
9005,0,Negative
9006,1,Positive
9007,0,Negative
9008,0,Negative
9009,1,Positive
9010,0,Negative
9011,1,Positive
9012,0,Negative
9013,1,Positive
9014,0,Negative
9015,1,Positive
9016,0,Negative
9017,0,Negative
9018,0,Negative
9019,0,Negative
9020,0,Negative
9021,0,Negative
9022,1,Positive
9023,1,Positive
9024,0,Negative
9025,0,Negative
9026,0,Negative
9027,1,Positive
9028,0,Negative
9029,0,Negative
9030,0,Negative
9031,0,Negative
9032,0,Negative
9033,0,Negative
9034,1,Positive
9035,1,Positive
9036,0,Negative
9037,1,Positive
9038,0,Negative
9039,0,Negative
9040,0,Negative
9041,0,Negative
9042,1,Positive
9043,0,Negative
9044,1,Positive
9045,0,Negative
9046,0,Negative
9047,0,Negative
9048,0,Negative
9049,0,Negative
9050,0,Negative
9051,0,Negative
9052,0,Negative
9053,1,Positive
9054,0,Negative
9055,0,Negative
9056,1,Positive
9057,0,Negative
9058,0,Negative
9059,1,Positive
9060,1,Positive
9061,0,Negative
9062,0,Negative
9063,1,Positive
9064,0,Negative
9065,0,Negative
9066,0,Negative
9067,1,Positive
9068,0,Negative
9069,1,Positive
9070,0,Negative
9071,0,Negative
9072,1,Positive
9073,0,Negative
9074,1,Positive
9075,1,Positive
9076,0,Negative
9077,1,Positive
9078,0,Negative
9079,1,Positive
9080,0,Negative
9081,1,Positive
9082,0,Negative
9083,0,Negative
9084,1,Positive
9085,0,Negative
9086,0,Negative
9087,0,Negative
9088,0,Negative
9089,0,Negative
9090,0,Negative
9091,0,Negative
9092,0,Negative
9093,0,Negative
9094,0,Negative
9095,0,Negative
9096,0,Negative
9097,0,Negative
9098,0,Negative
9099,0,Negative
9100,1,Positive
9101,0,Negative
9102,1,Positive
9103,0,Negative
9104,1,Positive
9105,0,Negative
9106,1,Positive
9107,0,Negative
9108,0,Negative
9109,0,Negative
9110,0,Negative
9111,0,Negative
9112,1,Positive
9113,0,Negative
9114,1,Positive
9115,0,Negative
9116,1,Positive
9117,0,Negative
9118,0,Negative
9119,1,Positive
9120,0,Negative
9121,1,Positive
9122,0,Negative
9123,1,Positive
9124,0,Negative
9125,0,Negative
9126,0,Negative
9127,0,Negative
9128,0,Negative
9129,0,Negative
9130,0,Negative
9131,1,Positive
9132,0,Negative
9133,0,Negative
9134,0,Negative
9135,1,Positive
9136,1,Positive
9137,0,Negative
9138,0,Negative
9139,1,Positive
9140,0,Negative
9141,1,Positive
9142,1,Positive
9143,0,Negative
9144,0,Negative
9145,1,Positive
9146,0,Negative
9147,0,Negative
9148,0,Negative
9149,1,Positive
9150,0,Negative
9151,0,Negative
9152,0,Negative
9153,0,Negative
9154,1,Positive
9155,1,Positive
9156,1,Positive
9157,0,Negative
9158,1,Positive
9159,0,Negative
9160,0,Negative
9161,0,Negative
9162,0,Negative
9163,0,Negative
9164,1,Positive
9165,0,Negative
9166,1,Positive
9167,0,Negative
9168,0,Negative
9169,0,Negative
9170,0,Negative
9171,1,Positive
9172,1,Positive
9173,1,Positive
9174,0,Negative
9175,1,Positive
9176,1,Positive
9177,0,Negative
9178,0,Negative
9179,1,Positive
9180,0,Negative
9181,0,Negative
9182,0,Negative
9183,1,Positive
9184,0,Negative
9185,0,Negative
9186,0,Negative
9187,0,Negative
9188,0,Negative
9189,0,Negative
9190,1,Positive
9191,0,Negative
9192,0,Negative
9193,1,Positive
9194,0,Negative
9195,0,Negative
9196,1,Positive
9197,1,Positive
9198,0,Negative
9199,1,Positive
9200,0,Negative
9201,1,Positive
9202,0,Negative
9203,0,Negative
9204,0,Negative
9205,0,Negative
9206,0,Negative
9207,1,Positive
9208,0,Negative
9209,0,Negative
9210,0,Negative
9211,0,Negative
9212,0,Negative
9213,0,Negative
9214,1,Positive
9215,1,Positive
9216,1,Positive
9217,0,Negative
9218,1,Positive
9219,0,Negative
9220,0,Negative
9221,0,Negative
9222,0,Negative
9223,0,Negative
9224,0,Negative
9225,1,Positive
9226,0,Negative
9227,0,Negative
9228,0,Negative
9229,1,Positive
9230,1,Positive
9231,0,Negative
9232,1,Positive
9233,0,Negative
9234,0,Negative
9235,0,Negative
9236,0,Negative
9237,0,Negative
9238,0,Negative
9239,1,Positive
9240,0,Negative
9241,0,Negative
9242,0,Negative
9243,1,Positive
9244,1,Positive
9245,1,Positive
9246,0,Negative
9247,0,Negative
9248,1,Positive
9249,0,Negative
9250,1,Positive
9251,1,Positive
9252,0,Negative
9253,0,Negative
9254,0,Negative
9255,0,Negative
9256,1,Positive
9257,0,Negative
9258,0,Negative
9259,0,Negative
9260,0,Negative
9261,0,Negative
9262,1,Positive
9263,0,Negative
9264,0,Negative
9265,0,Negative
9266,0,Negative
9267,0,Negative
9268,0,Negative
9269,1,Positive
9270,1,Positive
9271,0,Negative
9272,1,Positive
9273,1,Positive
9274,0,Negative
9275,1,Positive
9276,0,Negative
9277,1,Positive
9278,0,Negative
9279,0,Negative
9280,1,Positive
9281,1,Positive
9282,1,Positive
9283,0,Negative
9284,0,Negative
9285,0,Negative
9286,0,Negative
9287,0,Negative
9288,0,Negative
9289,1,Positive
9290,0,Negative
9291,0,Negative
9292,0,Negative
9293,0,Negative
9294,0,Negative
9295,1,Positive
9296,0,Negative
9297,0,Negative
9298,1,Positive
9299,0,Negative
9300,0,Negative
9301,0,Negative
9302,0,Negative
9303,0,Negative
9304,0,Negative
9305,0,Negative
9306,0,Negative
9307,0,Negative
9308,1,Positive
9309,0,Negative
9310,0,Negative
9311,1,Positive
9312,0,Negative
9313,0,Negative
9314,1,Positive
9315,0,Negative
9316,1,Positive
9317,0,Negative
9318,0,Negative
9319,0,Negative
9320,0,Negative
9321,0,Negative
9322,0,Negative
9323,0,Negative
9324,0,Negative
9325,0,Negative
9326,1,Positive
9327,0,Negative
9328,0,Negative
9329,0,Negative
9330,0,Negative
9331,1,Positive
9332,1,Positive
9333,0,Negative
9334,1,Positive
9335,1,Positive
9336,0,Negative
9337,0,Negative
9338,0,Negative
9339,0,Negative
9340,0,Negative
9341,0,Negative
9342,0,Negative
9343,0,Negative
9344,0,Negative
9345,0,Negative
9346,0,Negative
9347,0,Negative
9348,0,Negative
9349,1,Positive
9350,0,Negative
9351,0,Negative
9352,1,Positive
9353,0,Negative
9354,0,Negative
9355,1,Positive
9356,0,Negative
9357,0,Negative
9358,0,Negative
9359,0,Negative
9360,1,Positive
9361,0,Negative
9362,0,Negative
9363,0,Negative
9364,0,Negative
9365,1,Positive
9366,0,Negative
9367,1,Positive
9368,1,Positive
9369,0,Negative
9370,0,Negative
9371,0,Negative
9372,0,Negative
9373,0,Negative
9374,0,Negative
9375,0,Negative
9376,0,Negative
9377,1,Positive
9378,0,Negative
9379,1,Positive
9380,0,Negative
9381,0,Negative
9382,1,Positive
9383,0,Negative
9384,1,Positive
9385,0,Negative
9386,0,Negative
9387,1,Positive
9388,0,Negative
9389,0,Negative
9390,1,Positive
9391,1,Positive
9392,0,Negative
9393,0,Negative
9394,0,Negative
9395,1,Positive
9396,0,Negative
9397,1,Positive
9398,1,Positive
9399,0,Negative
9400,1,Positive
9401,0,Negative
9402,1,Positive
9403,0,Negative
9404,0,Negative
9405,0,Negative
9406,0,Negative
9407,1,Positive
9408,0,Negative
9409,1,Positive
9410,0,Negative
9411,0,Negative
9412,0,Negative
9413,0,Negative
9414,0,Negative
9415,0,Negative
9416,1,Positive
9417,1,Positive
9418,0,Negative
9419,0,Negative
9420,1,Positive
9421,0,Negative
9422,0,Negative
9423,1,Positive
9424,0,Negative
9425,0,Negative
9426,0,Negative
9427,0,Negative
9428,0,Negative
9429,0,Negative
9430,0,Negative
9431,0,Negative
9432,1,Positive
9433,1,Positive
9434,1,Positive
9435,0,Negative
9436,0,Negative
9437,0,Negative
9438,1,Positive
9439,1,Positive
9440,0,Negative
9441,1,Positive
9442,0,Negative
9443,0,Negative
9444,1,Positive
9445,0,Negative
9446,0,Negative
9447,1,Positive
9448,0,Negative
9449,1,Positive
9450,0,Negative
9451,1,Positive
9452,0,Negative
9453,0,Negative
9454,1,Positive
9455,0,Negative
9456,0,Negative
9457,0,Negative
9458,1,Positive
9459,0,Negative
9460,0,Negative
9461,0,Negative
9462,0,Negative
9463,0,Negative
9464,1,Positive
9465,1,Positive
9466,0,Negative
9467,1,Positive
9468,0,Negative
9469,0,Negative
9470,1,Positive
9471,1,Positive
9472,0,Negative
9473,1,Positive
9474,0,Negative
9475,1,Positive
9476,0,Negative
9477,1,Positive
9478,1,Positive
9479,0,Negative
9480,0,Negative
9481,1,Positive
9482,0,Negative
9483,0,Negative
9484,0,Negative
9485,0,Negative
9486,0,Negative
9487,1,Positive
9488,1,Positive
9489,0,Negative
9490,0,Negative
9491,0,Negative
9492,0,Negative
9493,1,Positive
9494,0,Negative
9495,0,Negative
9496,0,Negative
9497,1,Positive
9498,0,Negative
9499,0,Negative
9500,0,Negative
9501,1,Positive
9502,1,Positive
9503,0,Negative
9504,0,Negative
9505,0,Negative
9506,0,Negative
9507,0,Negative
9508,0,Negative
9509,0,Negative
9510,0,Negative
9511,0,Negative
9512,0,Negative
9513,0,Negative
9514,0,Negative
9515,0,Negative
9516,0,Negative
9517,0,Negative
9518,0,Negative
9519,1,Positive
9520,0,Negative
9521,0,Negative
9522,0,Negative
9523,0,Negative
9524,0,Negative
9525,0,Negative
9526,1,Positive
9527,0,Negative
9528,0,Negative
9529,0,Negative
9530,0,Negative
9531,0,Negative
9532,1,Positive
9533,0,Negative
9534,0,Negative
9535,0,Negative
9536,0,Negative
9537,0,Negative
9538,0,Negative
9539,0,Negative
9540,0,Negative
9541,1,Positive
9542,0,Negative
9543,1,Positive
9544,1,Positive
9545,0,Negative
9546,0,Negative
9547,0,Negative
9548,1,Positive
9549,0,Negative
9550,0,Negative
9551,0,Negative
9552,0,Negative
9553,0,Negative
9554,1,Positive
9555,0,Negative
9556,0,Negative
9557,0,Negative
9558,1,Positive
9559,0,Negative
9560,0,Negative
9561,0,Negative
9562,0,Negative
9563,0,Negative
9564,1,Positive
9565,0,Negative
9566,0,Negative
9567,0,Negative
9568,0,Negative
9569,1,Positive
9570,0,Negative
9571,0,Negative
9572,0,Negative
9573,0,Negative
9574,0,Negative
9575,0,Negative
9576,0,Negative
9577,0,Negative
9578,0,Negative
9579,0,Negative
9580,0,Negative
9581,0,Negative
9582,0,Negative
9583,0,Negative
9584,0,Negative
9585,0,Negative
9586,0,Negative
9587,0,Negative
9588,0,Negative
9589,0,Negative
9590,0,Negative
9591,0,Negative
9592,1,Positive
9593,0,Negative
9594,0,Negative
9595,0,Negative
9596,0,Negative
9597,0,Negative
9598,0,Negative
9599,0,Negative
9600,0,Negative
9601,0,Negative
9602,1,Positive
9603,1,Positive
9604,0,Negative
9605,0,Negative
9606,0,Negative
9607,0,Negative
9608,0,Negative
9609,0,Negative
9610,0,Negative
9611,1,Positive
9612,0,Negative
9613,0,Negative
9614,1,Positive
9615,0,Negative
9616,0,Negative
9617,0,Negative
9618,0,Negative
9619,0,Negative
9620,0,Negative
9621,0,Negative
9622,0,Negative
9623,0,Negative
9624,0,Negative
9625,0,Negative
9626,0,Negative
9627,0,Negative
9628,1,Positive
9629,1,Positive
9630,0,Negative
9631,0,Negative
9632,1,Positive
9633,1,Positive
9634,0,Negative
9635,0,Negative
9636,0,Negative
9637,0,Negative
9638,0,Negative
9639,1,Positive
9640,1,Positive
9641,0,Negative
9642,1,Positive
9643,0,Negative
9644,1,Positive
9645,0,Negative
9646,1,Positive
9647,0,Negative
9648,0,Negative
9649,0,Negative
9650,0,Negative
9651,1,Positive
9652,1,Positive
9653,1,Positive
9654,0,Negative
9655,1,Positive
9656,1,Positive
9657,0,Negative
9658,0,Negative
9659,0,Negative
9660,0,Negative
9661,1,Positive
9662,1,Positive
9663,0,Negative
9664,0,Negative
9665,0,Negative
9666,0,Negative
9667,1,Positive
9668,0,Negative
9669,0,Negative
9670,0,Negative
9671,0,Negative
9672,0,Negative
9673,1,Positive
9674,0,Negative
9675,0,Negative
9676,0,Negative
9677,1,Positive
9678,0,Negative
9679,0,Negative
9680,0,Negative
9681,0,Negative
9682,1,Positive
9683,0,Negative
9684,0,Negative
9685,1,Positive
9686,0,Negative
9687,0,Negative
9688,0,Negative
9689,0,Negative
9690,1,Positive
9691,0,Negative
9692,1,Positive
9693,1,Positive
9694,0,Negative
9695,0,Negative
9696,1,Positive
9697,0,Negative
9698,0,Negative
9699,0,Negative
9700,1,Positive
9701,0,Negative
9702,1,Positive
9703,0,Negative
9704,0,Negative
9705,1,Positive
9706,1,Positive
9707,0,Negative
9708,0,Negative
9709,1,Positive
9710,1,Positive
9711,0,Negative
9712,0,Negative
9713,1,Positive
9714,0,Negative
9715,1,Positive
9716,0,Negative
9717,1,Positive
9718,0,Negative
9719,0,Negative
9720,0,Negative
9721,0,Negative
9722,0,Negative
9723,0,Negative
9724,0,Negative
9725,0,Negative
9726,0,Negative
9727,0,Negative
9728,0,Negative
9729,0,Negative
9730,0,Negative
9731,0,Negative
9732,0,Negative
9733,0,Negative
9734,1,Positive
9735,0,Negative
9736,0,Negative
9737,0,Negative
9738,1,Positive
9739,0,Negative
9740,0,Negative
9741,1,Positive
9742,1,Positive
9743,0,Negative
9744,1,Positive
9745,1,Positive
9746,0,Negative
9747,1,Positive
9748,0,Negative
9749,0,Negative
9750,0,Negative
9751,0,Negative
9752,0,Negative
9753,0,Negative
9754,0,Negative
9755,0,Negative
9756,1,Positive
9757,1,Positive
9758,1,Positive
9759,0,Negative
9760,0,Negative
9761,1,Positive
9762,0,Negative
9763,0,Negative
9764,0,Negative
9765,0,Negative
9766,1,Positive
9767,1,Positive
9768,0,Negative
9769,0,Negative
9770,0,Negative
9771,1,Positive
9772,0,Negative
9773,0,Negative
9774,0,Negative
9775,0,Negative
9776,0,Negative
9777,0,Negative
9778,1,Positive
9779,0,Negative
9780,0,Negative
9781,0,Negative
9782,0,Negative
9783,0,Negative
9784,1,Positive
9785,0,Negative
9786,0,Negative
9787,0,Negative
9788,1,Positive
9789,1,Positive
9790,0,Negative
9791,0,Negative
9792,0,Negative
9793,0,Negative
9794,0,Negative
9795,0,Negative
9796,0,Negative
9797,1,Positive
9798,1,Positive
9799,0,Negative
9800,0,Negative
9801,0,Negative
9802,1,Positive
9803,1,Positive
9804,1,Positive
9805,0,Negative
9806,0,Negative
9807,0,Negative
9808,1,Positive
9809,1,Positive
9810,0,Negative
9811,1,Positive
9812,0,Negative
9813,1,Positive
9814,1,Positive
9815,1,Positive
9816,0,Negative
9817,0,Negative
9818,0,Negative
9819,1,Positive
9820,0,Negative
9821,0,Negative
9822,0,Negative
9823,1,Positive
9824,0,Negative
9825,1,Positive
9826,1,Positive
9827,0,Negative
9828,1,Positive
9829,0,Negative
9830,1,Positive
9831,0,Negative
9832,0,Negative
9833,0,Negative
9834,0,Negative
9835,0,Negative
9836,0,Negative
9837,1,Positive
9838,1,Positive
9839,1,Positive
9840,1,Positive
9841,1,Positive
9842,0,Negative
9843,0,Negative
9844,1,Positive
9845,1,Positive
9846,1,Positive
9847,0,Negative
9848,1,Positive
9849,0,Negative
9850,0,Negative
9851,1,Positive
9852,1,Positive
9853,0,Negative
9854,0,Negative
9855,0,Negative
9856,0,Negative
9857,0,Negative
9858,0,Negative
9859,0,Negative
9860,0,Negative
9861,0,Negative
9862,0,Negative
9863,1,Positive
9864,0,Negative
9865,0,Negative
9866,0,Negative
9867,0,Negative
9868,0,Negative
9869,0,Negative
9870,0,Negative
9871,1,Positive
9872,1,Positive
9873,0,Negative
